{"version":2,"languages":{"nodejs-npm":{"specfileHash":"b012a9fbfe6c3a2a2d98c03d505dc1d1","lockfileHash":"c03ae8899b1daae5ae1b2ca4fb4e3aa7","guessedImports":["qrcode","jimp","cookie","file-type","ms","chalk","axios","cheerio","@ffmpeg-installer/ffmpeg","pino","@hapi/boom","node-fetch","figlet","awesome-phonenumber","fluent-ffmpeg","node-webpmux","@adiwajshing/baileys","express","moment-timezone","human-readable","qs","form-data","g-i-s","jsdom"],"guessedImportsHash":"4dc9f3176e4c855eb3c4764a4f6b9cd2"}}}
