[{"id":"6281342342689@s.whatsapp.net","hape":0},{"id":"6285240778548@s.whatsapp.net","hape":0},{"id":"6285255270366@s.whatsapp.net","hape":0},{"id":"6282192226935@s.whatsapp.net","hape":0},{"id":"6285399110446@s.whatsapp.net","hape":0},{"id":"6282187747576@s.whatsapp.net","hape":0},{"id":"6282348176373@s.whatsapp.net","hape":0},{"id":"60135544240@s.whatsapp.net","hape":0},{"id":"6285341315856@s.whatsapp.net","hape":0},{"id":"6281355803083@s.whatsapp.net","hape":0},{"id":"6285282268826@s.whatsapp.net","hape":0},{"id":"6282188188291@s.whatsapp.net","hape":0},{"id":"6282149843800@s.whatsapp.net","hape":0},{"id":"6282397433815@s.whatsapp.net","hape":0},{"id":"6285259479227@s.whatsapp.net","hape":0},{"id":"6282114483989@s.whatsapp.net","hape":0},{"id":"6281213997750@s.whatsapp.net","hape":0},{"id":"6288258217531@s.whatsapp.net","hape":0},{"id":"6282282413125@s.whatsapp.net","hape":0},{"id":"6285240099744@s.whatsapp.net","hape":0},{"id":"6281210008201@s.whatsapp.net","hape":0},{"id":"6281355513445@s.whatsapp.net","hape":0},{"id":"6281254970809@s.whatsapp.net","hape":0},{"id":"6282316360721@s.whatsapp.net","hape":0},{"id":"6285255321757@s.whatsapp.net","hape":0},{"id":"6285231448090@s.whatsapp.net","hape":0},{"id":"6281224000778@s.whatsapp.net","hape":0}]